EventID	TrackID	nPhotons	Px	Py	Pz	KineticEnergy	Hits
1	1	163890	-41.5823	295.792	-647.383	615.099	4
2	1	259015	-740.796	-1087.92	-2749.38	2944.36	5
3	1	259015	732.153	546.38	-1706.36	1832.75	0
4	1	259015	3929.32	-2453.2	-3483.99	5691.5	0
5	1	453726	-997.333	3009.19	-3644.58	4725.91	9
6	1	793876	381.906	215.07	-654.308	688.942	18
7	1	1207946	1962.49	-329.143	-5364.95	5617.41	16
8	1	1660519	900.196	-154.082	-2980.9	3013.8	20
9	1	1980722	16.9946	-499.54	-1278.85	1271.46	24
10	1	1980722	180.606	75.4666	-675.758	605.767	0
11	1	2329016	-1020.89	-928.309	-1154.55	1696.6	23
12	1	2834259	-619.703	-384.272	-919.624	1072.72	24
13	1	2891211	-583.703	-153.514	-701.965	826.111	2
14	1	3095808	895.012	1757.2	-3664.96	4057.5	7
15	1	3203405	-76.8809	105.905	-160.629	126.919	5
16	1	3268805	-1549.04	156.187	-3297.66	3542.58	2
17	1	3730218	719.5	-813.627	-1685.7	1902.43	17
18	1	4098186	1444.5	-844.816	-1992.85	2498.74	18
19	1	4528474	304.608	-351.633	-739.562	774.426	19
20	1	4977098	857.373	-1414.68	-1469.58	2109.57	27
21	1	5049126	1040.81	-2473.11	-2381.08	3483.25	5
22	1	5086127	-455.16	169.077	-1220.41	1212.04	0
23	1	5205445	470.366	-1028.23	-1524	1794.93	7
24	1	5595213	-388.58	354.964	-1717.82	1694.08	15
25	1	5595213	-1064.3	-101.462	-4625.51	4642.98	0
26	1	5765359	-533.719	-177.035	-539.456	680.709	6
27	1	5873504	-0.395281	-64.1869	-216.941	144.036	5
28	1	6310815	-1140.86	684.878	-2950.42	3132.67	20
29	1	6707688	-749.67	316.142	-2360.57	2393.42	21
30	1	6803616	-644.427	603.594	-2185.01	2253.38	4
31	1	7340603	2394.25	845.553	-3855.15	4511.78	17
32	1	7340603	1118.45	279.383	-1567.05	1842.62	0
33	1	7703255	-212.579	-415.418	-534.943	612.039	25
34	1	8083793	-258.164	-474.753	-1308.31	1313.81	22
35	1	8468192	129.636	-154.075	-1189.34	1105.23	17
36	1	8468192	320.483	-296.357	-728.869	750.467	0
37	1	8569189	1305.98	1121.67	-1347.34	2083	2
38	1	8578281	-115.846	-131.544	-816.671	736.268	0
39	1	8578281	-784.224	516.832	-1059.24	1313.95	0
40	1	8727813	1418.14	-486.325	-1215.97	1827.57	7
41	1	8831115	-1.16391	-125.049	-824.524	734.962	3
42	1	9244100	157.386	414.403	-616.744	661.178	20
43	1	9563197	324.458	623.713	-1282.2	1360.46	11
44	1	9563197	-226.767	342.712	-835.037	830.998	0
45	1	9692501	-155.821	-601.481	-743.554	869.071	8
46	1	9799766	-441.196	37.4618	-661.328	697.197	3
47	1	10154220	-32.8249	-482.006	-720.404	768.157	13
48	1	10401932	-145.651	-143.997	-340.431	305.446	11
49	1	10401932	-139.144	68.9777	-644.952	566.09	0
50	1	10441624	-282.568	-272.5	-331.91	419.155	1
51	1	10725981	65.7612	166.521	-414.526	358.076	10
52	1	11053808	155.692	-25.7998	-497.046	426.436	19
53	1	11302625	-140.849	269.464	-1233.52	1169.17	14
54	1	11479940	313.736	-332.073	-932.578	938.166	10
55	1	11698803	-50.2242	275.367	-783.282	732.819	6
56	1	11979201	171.405	-125.299	-446.166	399.621	20
57	1	12158697	-413.961	-1188.37	-2467.17	2665.93	6
58	1	12316946	-280.77	35.6632	-381.039	380.611	5
59	1	12449044	185.068	192.93	-1153.39	1083.02	10
60	1	12739239	-558.559	-42.0707	-890.366	951.543	8
61	1	13164675	-285.982	-345.541	-1746.6	1700.71	20
62	1	13164675	-455.568	-149.018	-1079.2	1079.92	0
63	1	13164675	838.759	-119.272	-592.069	933.309	0
64	1	13164675	-18.3484	211.17	-250.738	239.252	0
65	1	13284046	400.328	-990.288	-1240.45	1534.71	10
66	1	13796133	110.258	267.662	-1040.14	979.171	22
67	1	14014470	-189.94	588.15	-1627.03	1638.01	6
68	1	14014470	353.281	96.5588	-579.145	587.67	0
69	1	14146423	-740.386	-347.023	-459.805	838.366	8
70	1	14562772	-781.137	281.911	-3057.93	3064.79	23
71	1	14875888	-48.0703	436.592	-1053.63	1040.74	13
72	1	15226995	-136.906	-16.3449	-690.16	606.027	11
73	1	15660141	413.246	204.751	-1447.94	1417.62	16
74	1	16124688	1336.47	-43.8535	-1828.14	2161.79	27
75	1	16666799	861.623	-8.45591	-1422.48	1560.8	28
76	1	17126623	926.012	-483.239	-1602.16	1809.83	19
77	1	17331864	378.281	-167.948	-536.845	580.395	5
78	1	17579883	-50.1265	-111.954	-812.776	723.085	12
79	1	17740335	-159.006	236.42	-500.756	480.087	12
80	1	17740335	424.065	80.6601	-946.818	940.27	0
81	1	17827786	1034.79	-1214.99	-1656.94	2197.3	3
82	1	18079893	-620.604	-479.522	-1240.26	1365.57	10
83	1	18205750	-6.71804	-396.712	-426.656	486.478	8
84	1	18626539	-2283.02	-94.62	-4245.2	4716.58	18
85	1	19058879	-1753.54	227.315	-3055.67	3426.32	25
86	1	19673160	-727.701	-111.169	-1321.48	1410.71	27
87	1	20136680	-2098.82	-652.319	-2509.39	3231.82	20
88	1	20321346	-1165.79	-341.791	-1509.55	1834.91	7
89	1	20749076	339.916	-1634.66	-4646.7	4833.03	25
90	1	21101281	-35.9103	-173.143	-331.854	284.93	20
91	1	21505853	-647.399	-1355.66	-1495.45	2016.72	26
92	1	21599937	-513.026	-1123.97	-1439.04	1793.95	4
93	1	22025242	691.504	797.292	-3078.82	3150.74	221
94	1	22025242	42.3387	62.5985	-550.456	459.918	0
95	1	22320500	-485.498	-188.759	-348.839	530.102	29
96	1	22776833	-686.191	-118.45	-929.35	1060.42	18
97	1	22888005	-1235.38	-406.046	-1177.01	1651.49	6
98	1	23285838	59.7536	278.969	-1085.82	1021.98	14
99	1	23285838	-101.929	12.0473	-416.753	336.362	0
100	1	23285838	194.264	-24.2026	-179.429	180.144	0
101	1	23285838	-1029.5	95.524	-1469.36	1694.11	0
102	1	23487185	835.434	-5091.58	-3136.09	5933.25	4
103	1	23502587	-547.171	-1097.66	-2011.76	2252.86	3
104	1	23502587	-122.562	305.539	-440.054	453.973	0
105	1	23695512	625.161	420.561	-776.044	981.129	7
106	1	23847695	45.6101	-38.1838	-215.852	141.918	3
107	1	24036063	-2.86153	-52.1277	-1319.63	1219.22	13
108	1	24475226	-1061.96	-132.269	-1433.59	1686.44	14
109	1	24531744	-1702.06	-729.757	-2458.37	2974	1
110	1	25023029	324.395	99.8053	-663.213	646.81	25
111	1	25484922	972.739	482.162	-2219.52	2367.42	21
112	1	25919060	514.418	-8.89219	-859.521	901.638	10
113	1	25941632	488.613	359.194	-941.996	1019.63	2
114	1	26492971	-3505.77	-1618.76	-5863.58	6915.99	17
115	1	26815791	-330.346	-183.573	-371.901	434.991	10
116	1	26815791	-651.904	-126.564	-950.133	1058.35	0
117	1	26815791	1471.19	1942.86	-1680.89	2856.72	0
118	1	27089117	-194.662	143.753	-211.658	232.751	14
119	1	27253610	-2261.14	3507.9	-3167.9	5135.04	11
120	1	27586310	-694.252	-11.481	-2176.28	2181.15	17
121	1	27987999	576.567	-387.179	-4845.24	4790.24	13
122	1	28418273	403.848	43.0201	-936.179	920.275	24
123	1	28798179	271.317	-50.8459	-1302	1229.47	8
124	1	29080970	188.311	182.72	-1035.5	967.781	6
125	1	29491934	-72.8595	-185.341	-555.602	493.939	14
126	1	29672518	12.2304	-1168.62	-1403.06	1723.43	3
127	1	29773543	-265.488	94.8228	-1778.28	1697.93	8
128	1	29915739	2053.02	-2499.04	-4535.72	5466.06	4
129	1	30317695	-209.661	639.752	-2243.31	2238.88	14
130	1	30591775	6.83425	11.395	-266.067	180.928	14
131	1	30978138	-239.67	193.787	-1041.94	986.037	11
132	1	30987991	50.8582	438.257	-1301.8	1272.93	0
133	1	31066697	419.913	-283.139	-609.66	693.932	3
134	1	31271916	-1694.32	-345.902	-3755.7	4030.38	9
135	1	31429975	135.433	221.327	-644.814	597.39	10
136	1	31767865	-563.686	-399.342	-1620.59	1659.19	15
137	1	32087734	-545.286	323.463	-1149.56	1211.39	15
138	1	32090517	-526.666	-262.681	-1031.55	1086.67	0
139	1	32508985	766.725	282.65	-1101.35	1269.8	31
140	1	32521030	525.462	-49.4932	-750.316	817.758	0
141	1	32738106	-1407.7	-516.105	-2168.68	2532.96	6
142	1	33139096	496.608	20.1327	-1413.83	1396.71	16
143	1	33580818	238.463	23.0969	-1189.29	1112.12	12
144	1	33580818	963.585	844.694	-3173.75	3318.65	0
145	1	33782611	-704.772	501.696	-919.934	1161.56	13
146	1	34076531	103.095	211.916	-2059.12	1969.6	11
147	1	34299239	301.304	-66.0076	-446.098	446.889	11
148	1	34746098	151.264	-512.768	-748.542	820.242	10
149	1	34779282	929.472	-1815.54	-2038.27	2779.79	2
150	1	35103256	694.093	660.928	-1390.32	1586.31	6
151	1	35418920	405.678	136.961	-338.094	450.043	36
152	1	35911604	2114.02	763.218	-3074.1	3703.91	27
153	1	35972384	2684.36	1086.57	-3783.22	4659.88	6
154	1	36420608	-662.944	154.724	-1326.01	1388.63	18
155	1	36851943	-620.763	-44.7569	-1010.22	1085.58	29
156	1	37302569	-1577.6	-482.379	-2548.53	2932.05	13
157	1	37302569	-185.204	-97.1778	-323.696	293.95	0
158	1	37302569	184.413	-409.786	-402.163	506.577	0
159	1	37377665	24.9779	387.313	-509.934	543.828	9
160	1	37377665	332.505	-213.915	-669.994	679.437	0
161	1	37377665	365.241	-766.437	-648.012	967.613	0
162	1	37483116	-3868.49	-500.952	-4496.24	5847.79	8
163	1	37872188	164.323	537.737	-1250.48	1269.49	21
164	1	38019740	-14.7931	173.847	-490.912	425.943	8
165	1	38019740	350.37	173.522	-477.751	520.664	0
166	1	38187849	495.066	-958.244	-967.987	1347.44	9
167	1	38187849	638.709	-142.793	-653.008	824.891	0
168	1	38620917	-2870.77	665.919	-1704.57	3300.44	19
169	1	38714634	-4260.29	1512.12	-2395.6	5011.63	8
170	1	39160985	-556.354	-714.033	-2274.56	2344.68	15
171	1	39541170	-302.53	-295.453	-1655.83	1606.58	21
172	1	39546882	-494.026	-538.339	-1200.14	1303.37	0
173	1	39730362	296.232	918.55	-1312.26	1526.73	8
174	1	40112687	167.848	-109.379	-838.837	763.219	17
175	1	40476942	-118.377	-54.4031	-1081.7	988.97	12
176	1	40839622	53.1842	-150.062	-395.088	333.21	22
177	1	41221262	104.695	-69.6891	-702.608	615.895	14
178	1	41245062	1168.91	40.5795	-1601.98	1880.67	0
179	1	41615665	-1174.16	1195.05	-2471.76	2882.24	13
180	1	41833289	-566.002	149.755	-1388.08	1404.55	9
181	1	42220403	19.5249	-245.356	-586.42	539.038	13
182	1	42732750	1444.7	-1411	-2875.61	3409.79	26
183	1	42732750	1713.34	-796.85	-2256.04	2839.06	0
184	1	43224556	548.329	1363.42	-812.475	1576.86	34
185	1	43649887	677.274	2051.55	-1554.22	2557.86	15
186	1	43673761	188.091	1087.27	-625.703	1167.21	0
187	1	43845488	-694.041	-597.023	-2414.77	2478.99	7
188	1	43966767	233.89	104.056	-500.278	466.158	3
189	1	44288383	-466.762	-647.347	-1720.33	1793.72	9
190	1	44890369	202.624	-202.298	-3584.23	3491.54	27
191	1	44997463	295.29	-87.2616	-499.783	490.796	3
192	1	45333174	671.945	-68.7489	-454.61	715.36	25
193	1	45333794	578.624	-77.8756	-730.71	835.602	0
194	1	45646548	-583.901	-96.5023	-860.314	943.893	14
195	1	45703114	-106.034	-189.067	-743.63	676.096	1
196	1	45749037	147.854	91.0654	-238.147	207.442	2
197	1	45980775	-482.736	-885.286	-1865.86	2017.87	7
198	1	46349680	153.734	-29.0006	-637.999	559.685	15
199	1	46349680	2596.93	-283.624	-4284.02	4913.15	0
200	1	46555602	389.773	703.099	-487.386	840.376	9
201	1	47039651	982.274	480.49	-1435.97	1702.35	26
202	1	47039651	1254.75	697.129	-1793.3	2193.79	0
203	1	47071920	-23.1194	-74.6768	-100.568	59.8372	4
204	1	47465902	-17.241	-249.634	-820.361	758.501	17
205	1	47839504	68.6242	55.2027	-1662.18	1562.2	12
206	1	48215595	-19.5251	-287.45	-1883.17	1802.35	19
207	1	48668780	771.393	-811.428	-2379.38	2526.09	27
208	1	48939124	305.442	-256.848	-784.202	780.571	24
209	1	49265913	-64.5549	-127.623	-340.443	278.425	19
210	1	49695086	302.955	-1342.92	-4941.55	5025.16	13
211	1	50001340	409.346	-2160.46	-6602.04	6853.74	15
212	1	50001340	1186.69	630.429	-3223.76	3388.55	0
213	1	50268433	-377.934	-308.912	-492.156	595.514	11
214	1	50510159	-166.376	-636.326	-1886.41	1894.92	13
215	1	50901423	-54.0265	165.58	-510.083	443.6	26
216	1	51150495	223.054	766.457	-1510.05	1605.66	13
217	1	51639751	2528.26	129.766	-4263.22	4853.69	25
218	1	52114288	2817.63	1138.72	-4225.22	5100.05	29
219	1	52543139	310.508	119.181	-471.961	481.309	16
220	1	53016238	1060.02	415.837	-1685.04	1930.78	25
221	1	53082799	747.924	620.394	-1307.02	1526.44	0
222	1	53273552	-1685.75	1990.57	-3267.27	4076.49	10
223	1	53785666	-438.467	-558.207	-6315.76	6250.74	18
224	1	54163793	56.5156	100.041	-1381.98	1285.11	17
225	1	54545394	-156.497	-94.7539	-1291.46	1202.97	18
226	1	54919986	-52.5836	-165.992	-668.494	593.174	18
227	1	55265262	-352.598	-192.618	-3458.26	3377.47	14
228	1	55496035	-512.026	1176.99	-2013.8	2284.75	10
229	1	55671273	46.2675	-45.9913	-217.397	144.704	5
230	1	56062491	-55.8419	-238.348	-541.364	497.804	26
231	1	56062491	165.805	-363.006	-1312.73	1270.46	0
232	1	56062491	15.1781	377.515	-425.81	473.329	0
233	1	56488281	1404.43	-482.901	-1288.48	1863.34	18
234	1	56488281	1037.02	-776.618	-1409.92	1812.04	0
235	1	56621325	-177.997	227.593	-426.799	420.462	10
236	1	57043310	530.524	169.237	-1278.22	1292.59	17
237	1	57434749	244.046	-26.6419	-1006.16	935.394	11
238	1	57583415	804.101	66.7596	-1605.99	1694.73	6
239	1	57687732	65.3881	-182.037	-243.774	222.979	6
240	1	58093412	-198.274	172.066	-945.65	881.427	9
241	1	58093412	-61.6981	65.2353	-306.87	231.084	0
242	1	58110970	-1129.6	-861.226	-1067.62	1674.42	0
243	1	58577477	503.143	907.079	-2113.87	2251.36	18
244	1	58890866	714.41	1621.69	-2535.84	2989.81	16
245	1	59260428	27.5287	619.386	-2844.45	2807.49	13
246	1	59652323	314.837	457.417	-1631.64	1621.12	11
247	1	60014815	160.147	-37.5445	-716.247	636.791	23
248	1	60409758	47.6102	779.882	-2854.19	2855.43	46
249	1	60409758	33.5019	221.156	-1687.03	1599.41	0
250	1	60804454	-73.0529	1073.59	-640.995	1151.31	29
251	1	60828257	-101.99	2354.41	-1894.89	2920.13	1
252	1	61440500	-1668.41	-1561.71	-4103.98	4592.89	32
253	1	61621072	-367.347	-470.182	-1024.17	1084.34	5
254	1	62156618	749.062	-51.3055	-2231.81	2251.43	16
255	1	62389187	2696.96	62.0065	-5505.29	6025.97	14
256	1	62709800	35.8451	848.687	-1389.43	1526.28	19
257	1	62984174	203.168	187.897	-1071.29	1005.83	8
258	1	63129122	-238.357	227.929	-589.287	577.854	8
259	1	63129122	-1243.38	-1209.58	-2498.6	2937.9	0
260	1	63357226	-4638.98	1122.13	-4135.98	6210.73	10
261	1	63467241	-399.968	984.615	-2765.42	2858.82	5
262	1	63629354	612.953	-508.558	-1391.76	1501.36	7
263	1	63733840	163.328	165.902	-357.436	333.8	6
264	1	64133783	-225.323	-154.851	-705.647	658.443	13
265	1	64167250	-966.043	189.42	-2051.25	2172.04	2
266	1	64558820	552.231	-1745.59	-2396.53	2912.05	18
267	1	64688796	38.7893	-301.777	-811.624	767.538	4
268	1	64765938	155.202	-14.4757	-194.218	164.863	0
269	1	64765938	-709.49	609.643	-2549.1	2611.71	0
270	1	64848140	1230.94	-1127.83	-1350.12	2044.04	3
271	1	64869136	-61.5401	67.8611	-329.007	251.835	0
272	1	64869136	137.67	-477.912	-636.26	708.801	0
273	1	65006148	489.502	303.003	-442.746	628.243	4
274	1	65010648	95.7482	-405.775	-1212.06	1180.45	0
275	1	65474817	-828.906	286.611	-1058.2	1272.81	21
276	1	65474817	-1105.57	-17.6826	-1192.87	1524.28	0
277	1	65709522	-118.029	-892.116	-595.665	978.677	8
278	1	66448945	-2985.34	-1727.03	-3782.18	5014	37
279	1	66788485	-2077.42	-735.355	-2050.33	2906.22	22
280	1	66806496	-491.453	-86.4043	-734.013	788.171	0
281	1	66907386	1494.1	-889.032	-2496.85	2938.7	4
282	1	67239437	-793.928	455.563	-2359.54	2427.41	18
283	1	67623165	-334.942	-291.354	-839.264	849.644	17
284	1	67967055	-95.283	-20.8204	-458.877	375.22	18
285	1	68201073	-473.86	-345.811	-1029.26	1083.74	10
286	1	68201073	-21.4756	182.846	-876.931	796.598	0
287	1	68614369	147.513	-419.016	-462.435	544.222	19
288	1	68700086	607.085	-1534.42	-1279.44	1985.07	4
289	1	68700086	-74.0306	79.0324	-521.1	436.961	0
290	1	68700086	328.894	-1021.11	-698.299	1178.72	0
291	1	69060530	-546.622	204.773	-770.172	866.482	14
292	1	69060530	-263.111	160.632	-642.118	614.418	0
293	1	69432255	-7061.16	2280	-4018.55	8333.43	14
294	1	69829169	-868.201	226.032	-390.035	878.29	17
295	1	69829169	-1234.41	366.06	-659.754	1344.93	0
296	1	70134449	611.686	-145.523	-723.594	858.753	17
297	1	70551450	695.182	41.562	-1685.56	1721.16	17
298	1	70959994	664.497	94.5649	-1237.54	1306.14	17
299	1	71182294	2993.21	40.7349	-5550.15	6201.19	10
300	1	71182294	-66.4443	-491.139	-1533.36	1509.27	0
301	1	71592232	3297.85	-1648.06	-2556.85	4382.17	24
302	1	71678866	300.343	-83.2074	-210.734	285.113	6
303	1	72094933	-28.1459	105.922	-693.822	604.669	16
304	1	72094933	111.725	64.0592	-282.956	222.692	0
305	1	72215532	-158.699	193.432	-258.412	269.231	11
306	1	72215532	-1078.44	-357.88	-1456.29	1744.49	0
307	1	72390867	-590.328	-675.773	-562.91	958.855	10
308	1	72817680	-241.09	-191.57	-1010.89	956.362	16
309	1	73481053	-1312.92	-1431.93	-5289.5	5530.31	34
310	1	73790461	-266.093	-470.35	-1734.43	1714.08	21
311	1	74012038	35.3963	52.9533	-285.626	205.473	9
312	1	74387805	186.861	-113.46	-491.204	442.279	14
313	1	74522397	1515.49	-1196.19	-2126	2768.12	9
314	1	74979914	147.279	287.006	-880.629	838.129	16
315	1	75493692	1832.77	102.456	-3494.94	3843.43	19
316	1	75949111	1229.58	301.28	-2120.48	2366.23	16
317	1	76169511	3904.86	424.376	-6156.24	7197.66	15
318	1	76463037	-49.0665	130.106	-314.271	253.876	18
319	1	76463037	-353.099	322.376	-2896.77	2832.21	0
320	1	76477007	-337.917	47.3932	-261.723	337.17	0
321	1	76834399	452.638	-331.108	-1058.63	1097	82
322	1	77271814	1534.52	-872.241	-8796.28	8866.59	25
323	1	77457918	108.956	-156.325	-385.696	337.325	6
324	1	77941887	-521.507	207.389	-2005.91	1979.96	17
325	1	78352585	-557.716	500.422	-2746.29	2742.98	17
326	1	78681410	55.1464	36.0268	-399.981	313.254	18
327	1	78681410	37.3477	25.6763	-168.282	98.1472	0
328	1	78821520	783.777	-717.59	-1098.67	1426.49	4
329	1	79139782	887.814	1143.84	-2678.35	2940.87	19
330	1	79143932	839.375	-183.375	-2047.12	2116.96	0
331	1	79572613	-463.876	-287.864	-680.282	772.974	25
332	1	79597749	-753.12	-364.561	-641.1	953.713	1
333	1	79929124	389.421	325.336	-1126.02	1133.93	15
334	1	79929124	1134.86	1217.82	-1506.93	2142.23	0
335	1	79929124	-747.377	35.6081	-431.485	764.505	0
336	1	79929124	-74.0788	-1261.03	-1107.6	1577.68	0
337	1	80084800	7.36132	178.469	-213.49	192.078	7
338	1	80490736	-47.4635	55.2188	-1703.63	1602.8	22
339	1	80879592	-99.6229	-36.131	-3521.86	3419.38	10
340	1	80879592	202.304	-183.042	-858.803	801.611	0
341	1	81029349	326.311	226.087	-419.683	481.617	8
342	1	81285988	40.7415	-63.8743	-261.33	186.227	7
343	1	81335708	637.755	-1716.95	-1977.7	2591.95	3
344	1	81750397	-781.048	-536.107	-1091.44	1343.43	32
345	1	81767719	-2622.36	-1529.84	-4202.69	5079.99	0
346	1	81946096	-707.254	4602.16	-5985.34	7478.24	10
347	1	82301255	1139.44	-272.087	-2679.06	2820.24	17
348	1	82847979	-246.385	-250.606	-2278.64	2202.34	26
349	1	83272705	-61.8212	-307.741	-1960.77	1882.89	18
350	1	83272705	-699.556	-185.055	-1400.2	1474.01	0
351	1	83852566	960.683	2860.93	-3449.17	4478.64	38
352	1	84288406	1838.98	3721.47	-3682.64	5444.49	36
353	1	84632207	96.2455	317.604	-317.931	365.913	20
354	1	85022372	1127.97	1795.18	-1468.74	2475.69	35
355	1	85350941	1413.59	3675.27	-3875.57	5420.38	13
356	1	85827920	-122.296	559.684	-797.444	881.906	21
357	1	86334190	742.764	1962.87	-2593.19	3232.06	24
358	1	86731356	142.68	902.718	-923.422	1197.85	22
359	1	87114686	14.2537	561.042	-711.119	806.386	20
360	1	87114686	-54.7673	348.255	-643.013	635.227	0
361	1	87114686	-985.463	-1830.48	-1560.34	2495.81	0
362	1	87396102	-370.646	434.525	-394.599	596.526	10
363	1	87541369	-99.6016	591.503	-655.633	789.224	7
364	1	87615089	259.207	-472.789	-1487.32	1479.9	1
365	1	87769566	-243.206	272.317	-570.235	579.643	6
366	1	87918719	-695.996	-436.663	-1273.99	1413.98	5
367	1	88245742	128.851	-25.9297	-410.69	338.307	12
368	1	88627257	-274.358	607.22	-4597.19	4540.77	15
369	1	89011845	-76.3571	160.605	-523.206	456.954	19
370	1	89175637	-167.949	-84.5896	-967.799	885.887	8
371	1	89607038	446.585	-161.72	-765.93	801.758	25
372	1	89777235	869.818	-169.153	-1211.9	1399.35	5
373	1	89939205	-39.6099	-4.59388	-264.515	181.956	5
374	1	90003819	77.4719	158.356	-313.855	269.505	3
375	1	90122070	-353.676	-1624.14	-3092.21	3406.58	7
376	1	90122070	405.865	1062.46	-2382.29	2536.31	0
377	1	90172879	-65.7877	-38.272	-87.5762	51.2686	2
378	1	90264400	-10.5483	17.5885	-175.479	100.199	13
379	1	90448459	-403.245	268.373	-2551.3	2493.37	4
380	1	90536096	388.973	102.385	-648.305	664.566	7
381	1	90556924	60.0406	-87.0529	-120.211	86.1684	0
382	1	90952145	-292.786	-135.227	-589.986	574.972	19
383	1	91283362	-98.2924	15.7413	-383.884	304.756	16
384	1	91645277	-786.432	28.4873	-4000.04	3972.43	8
385	1	91833141	-66.4424	-17.599	-215.85	144.3	11
386	1	91833141	-526.138	-391.354	-3759.32	3711.88	0
387	1	92032887	155.371	-82.0724	-179.709	166.986	16
388	1	92157051	195.24	-161.131	-297.91	299.306	4
389	1	92359329	496.997	-1839.03	-1557.8	2357.46	17
390	1	92419675	-102.369	-358.668	-1491.3	1435.21	3
391	1	92512085	119.386	43.4008	-166.183	128.686	7
392	1	92885594	223.319	-116.255	-3107.87	3014.18	351
393	1	93241877	-1.10144	-15.4267	-1006.61	906.6	11
394	1	93618734	39.8607	-22.2546	-1031.3	932.045	20
395	1	93983932	156.669	274.591	-781.64	744.089	20
396	1	94059337	-109.458	497.958	-5977.67	5894.65	5
397	1	94127965	78.168	-49.3296	-116.159	76.5511	5
398	1	94501381	-65.8293	305.851	-2344.33	2261.81	19
399	1	94947552	-662.811	-1405.89	-3727.95	3934.72	22
400	1	95377188	-1897.77	-2770.71	-9171.43	9661.87	25
401	1	95841234	46.464	-537.493	-1778.09	1755.48	17
402	1	95841234	-63.002	-12.0048	-281.539	201.818	0
403	1	95934660	6141.81	-1138.23	-5718.9	8363.96	5
404	1	96360750	-744.929	1243.21	-4656.42	4772.24	8
405	1	96897105	-844.454	967.162	-2716.32	2900.68	26
406	1	97308276	-55.8035	481.137	-692.225	745.78	12
407	1	97570865	-200.803	421.898	-746.791	781.574	15
408	1	97570865	-76.8242	6.12861	-128.541	77.7157	0
409	1	97792852	2259.65	1413.56	-3047.79	3944.57	15
410	1	98098487	1010.88	-1060.23	-2279.52	2606.05	2
411	1	98489966	1048.13	-1133.37	-1185.45	1843.59	29
412	1	98932877	507.333	-841.517	-1022.57	1316.44	23
413	1	99109399	127.13	-1351.05	-1277.72	1761.22	8
414	1	99423670	-1123.91	-345.203	-3008.69	3126.33	16
415	1	99611198	68.5894	-1.01389	-347.898	264.345	7
416	1	99735587	-824.861	-804.071	-2167.87	2351.53	6
417	1	99826878	1094.11	728.38	-3163.58	3321.73	10
418	1	99939409	-50.0307	103.142	-138.656	102.982	4
419	1	99939409	1321.89	1684.91	-5790.09	6068.69	0
420	1	99939409	-2025.5	3475.01	-1851.83	4323.65	0
421	1	99939409	334.031	-26.7905	-493.969	500.53	0
422	1	100092802	-1441.86	-525.285	-1573.57	2094.84	7
423	1	100606519	-2072.56	-3902.79	-3900.76	5789.63	21
424	1	100788070	-362.375	-1268.54	-1064.23	1592.65	8
425	1	101192259	-277.538	-43.2691	-848.531	794.38	18
426	1	101624845	-211.49	81.6474	-739.677	675.162	18
427	1	101921616	-97.3334	116.377	-327.941	270.808	19
428	1	102399848	-989.465	-162.678	-2105.97	2229.25	26
429	1	102650889	-147.449	-42.9809	-380.463	318.021	12
430	1	102923835	26.0326	54.0904	-258.5	179.98	8
431	1	103334663	-462.667	217.172	-2467.46	2416.39	21
432	1	103461228	-1.40248	16.5942	-167.868	93.3913	5
433	1	103720180	-205.354	-195.355	-473.296	456.042	13
434	1	104107283	103.687	-579.205	-804.326	896.506	14
435	1	104326946	-1710.93	-2386.21	-4004.98	4861.46	11
436	1	104700561	218.871	-234.71	-1083.69	1029.48	16
437	1	104700561	940.553	467.913	-3131.76	3199.29	0
438	1	104700561	-1389.83	622.186	-721.393	1582.63	0
439	1	105202407	1277.16	1111.96	-2780.78	3151.87	17
440	1	105743310	1640.39	1421.15	-4446.09	4843.02	17
441	1	105743902	555.519	559.788	-1205.76	1338.98	0
442	1	105743902	1038.2	-1426.32	-2077.08	2621.55	0
443	1	105743902	62.7025	246.645	-170.763	218.516	0
444	1	105743902	-3621.93	-3042.37	-5026.26	6797.16	0
445	1	106090313	551.268	186.607	-575.89	719.891	14
446	1	106525356	993.854	1114.6	-2649.4	2937.46	24
447	1	107012772	97.9953	489.092	-840.421	877.34	21
448	1	107275389	177.981	506.25	-839.189	896.025	10
449	1	107275389	74.2274	23.9338	-1420.13	1320.53	0
450	1	107275389	-944.892	-1546.16	-1019.45	1976.14	0
451	1	107727242	481.74	208.769	-979.781	1010.94	23
452	1	107861207	357.246	585.925	-1183.27	1266.28	7
453	1	108263876	320.641	-1003.62	-2138.95	2281.04	14
454	1	108701309	-58.7853	-574.109	-796.076	883.259	23
455	1	108701309	111.423	-630.481	-700.409	849.15	0
456	1	108701309	-608.133	319.556	-530.628	768.797	0
457	1	108979799	353.344	184.995	-387.755	460.551	16
458	1	108979799	832.199	992.551	-2105.7	2368.78	0
459	1	108979799	-93.8702	213.264	-243.244	247.364	0
460	1	109101946	-165.768	-206.033	-256.631	277.685	5
461	1	109101946	-1189.26	-434.722	-933.064	1470.76	0
462	1	109143829	501.63	-222.085	-759.563	837.239	1
463	1	109466252	-720.337	-363.688	-1252.17	1387.74	16
464	1	109466252	-375.139	102.65	-1165.17	1127.25	0
465	1	109682292	4881.35	-27.1694	-5173.95	7008.36	9
466	1	110122982	443.312	-356.303	-2691.05	2646.87	20
467	1	110561906	216.393	-231.357	-934.625	886.834	23
468	1	110950997	166.413	-642.191	-2755.54	2730.58	18
469	1	110950997	169.843	-418.161	-1320.6	1293.93	0
470	1	111226032	1059.51	229.299	-1146.78	1475.93	11
471	1	111526884	309.885	395.479	-855.693	892.243	7
472	1	111775703	-43.4058	159.058	-218.933	188.075	10
473	1	111911516	-73.493	240.679	-373.118	356.628	7
474	1	111911516	1398.76	121.372	-2769.45	3001.15	0
475	1	111911516	-3328.37	297.46	-3447.58	4696.79	0
476	1	111962716	1118.17	-3033.05	-3249.98	4479.45	4
477	1	112391823	112.488	506.782	-1064.29	1083.19	13
478	1	112821366	180.792	450.76	-540.83	628.87	26
479	1	113287581	725.949	1592.09	-2302.2	2787.96	26
480	1	113688640	130.875	303.073	-513.818	514.144	15
481	1	114116840	-89.712	389.711	-642.463	658.44	27
482	1	114116840	-101.423	290.414	-509.896	499.143	0
483	1	114251452	-517.094	-1054.8	-429.569	1149.6	5
484	1	114615924	-129.475	-313.839	-651.2	636.288	86
485	1	115076008	-32.1298	-247.009	-1470.29	1389.32	21
486	1	115455352	-1551.49	216.751	-4373.3	4540.96	17
487	1	115838690	-249.557	47.5517	-712.071	657.722	15
488	1	116254803	-160.984	569.307	-1354.69	1376.36	24
489	1	116486648	-297.768	251.438	-1456.26	1405.55	11
490	1	116908156	383.085	-2415.85	-4013.61	4595.76	9
491	1	116908156	88.2995	-208.25	-446.109	405.558	0
492	1	116970383	1217.43	-1152.47	-905.063	1802.38	2
493	1	117349933	-121.625	20.7347	-657.348	571.463	15
494	1	117714880	491.032	1273.07	-3795.93	3929.45	12
495	1	118225326	-528.631	548.539	-1485.23	1566.89	18
496	1	118772101	-777.551	587.148	-1432.83	1630.28	22
497	1	119208673	-634.178	547.078	-1577.72	1683.71	16
498	1	119506952	-327.821	474.538	-721.767	824.269	19
499	1	119881802	116.229	586.665	-1898.58	1887.69	11
500	1	120172131	322.2	644.38	-939.94	1083.33	15
501	1	120349640	32.358	39.0549	-864.622	766.871	5
502	1	120738222	236.933	-59.0669	-318.026	308.987	17
503	1	121171397	1899.59	-703.791	-2728	3293.89	17
504	1	121171397	734.988	-839.584	-1749	1971.67	0
505	1	121573925	1945.6	144.812	-1544.25	2384.76	19
506	1	121579347	2214.26	196.229	-1268.3	2455.83	0
507	1	121937565	-104.494	255.753	-440.457	424.903	14
508	1	121937565	755.496	2047.38	-3972.66	4428.18	0
509	1	122286055	-326.09	-43.9406	-214.202	300.927	26
510	1	122703589	-421.39	-113.713	-360.353	470.118	20
511	1	122850893	-2465.89	-180.727	-2247.52	3237.36	4
512	1	123291333	186.717	-647.698	-2230.17	2226.55	17
513	1	123479447	208.79	-439.41	-913.909	935.047	8
514	1	123866877	741.789	95.2419	-1042.17	1181.43	17
515	1	124299353	380.287	132.057	-802.815	798.628	14
516	1	124330592	117.325	40.282	-267.741	207.769	1
517	1	124663657	124.465	-951.184	-1205.62	1438.66	19
518	1	125092163	-2152.14	-3059.99	-6212.57	7147.1	19
519	1	125173144	-1729.91	-1862.18	-3762.71	4436.31	5
520	1	125627727	1030.61	266.178	-1815.42	2001.45	27
521	1	126067227	372.212	212.151	-564.099	610.527	20
522	1	126213232	985.294	216.235	-1080.59	1376.37	6
523	1	126811942	38.3215	-419.997	-1347.89	1310.62	25
524	1	127215200	442.041	-233.074	-2163.42	2117.24	18
525	1	127623075	813.186	-935.992	-3889.95	3978.49	16
526	1	127623075	19.5676	-57.5843	-322.591	239.201	0
527	1	127623075	555.574	-645.777	-524.14	900.114	0
528	1	127623075	-641.662	-351.851	-660.77	885.962	0
529	1	128113649	-1272.43	828.452	-1063.53	1751.13	29
530	1	128113649	-1219.73	813.706	-1248.52	1823.03	0
531	1	128482233	262.588	582.374	-565.548	754.063	14
532	1	128580127	228.912	1151.03	-733.98	1282.56	6
533	1	128580127	357.087	-133.574	-3293.12	3211.14	0
534	1	128933006	1991.77	1992.05	-2388.41	3589.08	11
535	1	129130273	194.797	926.525	-762.648	1114.67	9
536	1	129567944	963.337	263.035	-4161.75	4175.53	28
537	1	129567944	124.15	55.3163	-1030.24	938.866	0
538	1	129699486	1259.16	-717.621	-1330.84	1864.81	6
539	1	129699486	187.525	340.202	-951.479	927.482	0
540	1	130321232	-4511.16	-697.867	-4778.24	6503.45	30
541	1	130707937	-1108.82	-373.173	-1065.51	1480.28	16
542	1	131084631	-549.225	57.4374	-632.51	740.616	19
543	1	131539694	-1129.2	-40.4318	-1841.46	2057.41	19
544	1	131692233	-602.739	233.103	-777.876	911.144	9
545	1	131692233	525.433	-284.2	-1861.8	1852.48	0
546	1	131903495	48.0461	-992.41	-838.984	1199.04	13
547	1	131903495	66.4372	-209.789	-833.926	763.262	0
548	1	132103399	-973.773	1435.52	-1774.27	2377.92	9
549	1	132318390	19.1476	14.3566	-231.598	150.025	10
550	1	132508003	706.813	661.89	-2333.09	2422.61	7
551	1	132643327	222.422	-382.591	-727.804	752.66	4
552	1	132667962	5.68258	1007.71	-2808.51	2880.04	3
553	1	132921592	-52.767	-325.966	-443.199	457.038	11
554	1	133256832	-198.989	-44.1315	-468.905	416.434	18
555	1	133357714	-1171.97	879.467	-2095.75	2453.7	6
556	1	133876959	72.7215	1307.03	-1338.66	1769.65	25
557	1	133876959	-62.2095	343.245	-347.577	397.989	0
558	1	134011031	-152.431	-574.754	-689.985	811.305	8
559	1	134011031	529.098	-207.807	-852.855	924.708	0
560	1	134151231	152.696	1811.18	-1053.81	1998	7
561	1	134496567	39.9435	106.571	-722.637	633.477	21
562	1	134830254	295.385	-21.2406	-457.91	449.814	11
563	1	135338320	997.266	797.714	-3262.78	3399.74	21
564	1	135713115	1627.28	732.996	-5390.1	5573.22	13
565	1	135801189	116.107	-33.7192	-1116.87	1022.69	4
566	1	136089968	-522.155	29.4138	-700.812	775.144	13
567	1	136143682	-363.565	326.107	-1141.58	1140.49	2
568	1	136348898	455.691	305.406	-715.249	801.906	10
569	1	136523988	-7.27438	13.9112	-384.811	293.703	8
570	1	136561075	5.36858	-71.3941	-105.639	60.0199	33
571	1	136945641	-346.866	-299.318	-1356.5	1330.02	20
572	1	136945641	40.402	-30.4387	-819.303	721.977	0
573	1	137153626	432.422	582.386	-787.248	970.021	17
574	1	137186658	49.201	-1.65062	-167.237	98.1931	2
575	1	137243675	88.0688	945.587	-1224.11	1447.24	3
576	1	137686057	938.457	-538.119	-1683.48	1898.22	16
577	1	137686057	162.161	-275.343	-440.292	448.536	0
578	1	137862143	373.466	1003.55	-788.049	1228.05	8
579	1	138099980	-438.49	706.379	-1589.51	1691.27	10
580	1	138212473	66.1251	-282.266	-1314.7	1244.77	4
581	1	138536107	-369.548	584.581	-1072.38	1174.76	17
582	1	138989332	181.088	623.536	-2084.51	2080.19	12
583	1	139131844	27.8289	-132.16	-654.071	570.517	5
584	1	139530396	490.164	883.104	-1613.03	1800.43	26
585	1	139709247	104.389	327.948	-752.783	728.784	9
586	1	139709247	3.42548	-74.9074	-246.575	172.884	0
587	1	139889388	329.209	1271.85	-432.1	1281.37	9
588	1	139955087	186.696	191.673	-200.244	244.849	4
589	1	140353084	-141.038	-369.713	-1611.02	1556.61	18
590	1	140809236	85.3247	-455.182	-4047.22	3969.34	21
591	1	141194638	7.4872	-216.013	-1477.68	1391.48	17
592	1	141194638	35.4316	-105.729	-277.135	211.204	0
593	1	141254046	-1664.27	1635.37	-2753.26	3504.86	2
594	1	141413414	580.301	-106.484	-1139.81	1182.14	8
595	1	141754236	-17.6682	189.87	-345.217	302.633	22
596	1	141754236	-255.456	289.328	-853.756	837.227	0
597	1	141754236	-164.585	-228.112	-286.691	309.647	0
598	1	142075216	64.0889	801.614	-685.221	956.125	13
599	1	142075216	108.527	209.399	-395.453	366.754	0
600	1	142075216	-331.345	-346.802	-319.326	480.169	0
601	1	142075216	-1082.82	4832.45	-5733.78	7471.44	0
602	1	142220420	95.6127	277.043	-170.862	249.662	10
603	1	142607269	504.506	442.995	-1904.13	1916.13	26
604	1	143013874	591.005	191.474	-1610.5	1623.74	18
605	1	143013874	946.701	258.8	-3009.92	3061.99	0
606	1	143013874	-1682.78	254.072	-1849.4	2409.84	0
607	1	143216854	1607.93	-41.2304	-2200.46	2622.04	3
608	1	143404907	39.3435	184.987	-281.912	249.878	7
609	1	143724723	-128.49	24.2519	-336.656	270.638	21
610	1	144082010	-1345.65	-77.4687	-2656.3	2874.92	71
611	1	144474170	-331.992	63.8833	-1812.92	1741.54	23
612	1	144675384	-521.071	-122.07	-3372.16	3310.34	12
613	1	144675384	880.613	86.4003	-1566.07	1696.2	0
614	1	144735597	-261.46	1447.82	-962.879	1655.83	2
615	1	144766434	1326.56	-299.192	-3426.48	3582.32	2
616	1	144766434	-437.803	891.755	-1302.45	1535.82	0
617	1	144766434	1273.84	-940.961	-1109.69	1831	0
618	1	145336780	-638.608	-57.0607	-848.998	963.471	36
619	1	145668826	-1297.59	-97.651	-1230.24	1688.2	20
620	1	146089184	-244.467	-135.101	-354.807	358.096	13
621	1	146537005	-2500.97	-974.591	-2641.37	3661.66	19
622	1	146783530	-2938.79	-834.265	-3466.99	4516.43	15
623	1	146783530	-526.772	241.649	-2661.47	2620.23	0
624	1	147067449	3787.19	-7539.57	-7928.59	11472.8	9
625	1	147273180	-92.4665	-370.638	-541.689	565.545	9
626	1	147643969	30.231	10.8906	-789.112	691.144	9
627	1	148029107	260.077	83.1147	-878.836	820.66	23
628	1	148240810	120.571	217.063	-1910.73	1824.03	7
629	1	148748185	275.934	-639.572	-1108.93	1208.15	12
630	1	149000527	196.109	-163.521	-356.284	345.23	327
631	1	149000527	109.125	-75.4583	-780.661	693.215	0
632	1	149074066	-326.752	-493.899	-412.483	623.731	1
633	1	149425492	-56.0116	135.335	-506.102	431.702	13
634	1	149861869	-497.613	68.8994	-962.584	985.258	21
635	1	150261610	-482.817	21.0673	-1192.68	1185.55	17
636	1	150577361	-424.15	67.1684	-715.383	735.384	14
637	1	151031199	-1669.32	-414.082	-7180.68	7278.88	19
638	1	151391945	-153.231	-91.3318	-609.634	538.266	17
639	1	151987971	-591.831	892.221	-4342.18	4367.82	28
640	1	152387022	-1074.3	486.067	-3417.39	3510.98	16
641	1	152771895	68.8155	75.0844	-749.959	658.525	11
642	1	153206918	943.094	399.558	-1570.93	1772.65	10
643	1	153572066	1032.39	544.376	-1589.22	1868.92	9
644	1	153572066	244.859	-97.9391	-1847.25	1763.31	0
645	1	153709780	-326.427	683.504	-797.362	999.187	9
646	1	153709780	-19.3248	-77.1637	-406.497	321.813	0
647	1	153931397	1779.8	1603.8	-1261.49	2604.03	6
648	1	154344747	846.198	32.7971	-1964.61	2036.3	16
649	1	154699006	472.581	-343.088	-1282.55	1307.54	22
650	1	155092224	351.275	352.595	-3238.48	3172.55	14
651	1	155092224	-366.511	-557.603	-1554.01	1588.85	0
652	1	155367412	1779.67	1644.92	-2756.88	3566.47	10
653	1	155849481	1317.64	-47.7423	-3765.02	3884.96	19
654	1	156230831	150.7	73.7115	-1110.49	1022.39	13
655	1	156734464	1872.28	952.015	-5489.96	5773.34	27
656	1	157168587	1191.8	684.29	-4817.67	4905.3	15
657	1	157445562	88.3264	8.82346	-252.689	182.256	14
658	1	157445562	1426.11	142.954	-4298.03	4426.28	0
659	1	157648015	918.333	1293.61	-1044.61	1796.74	8
660	1	157739030	397.588	109.182	-346.071	442.909	4
661	1	157828956	-43.9233	43.2808	-208.304	135.913	8
662	1	158046238	311.501	108.953	-606.439	592.794	6
663	1	158397713	11.0612	384.158	-520.586	549.989	16
664	1	158824656	-188.984	1506.64	-3868.69	4051.7	15
665	1	159190530	-58.6615	64.5993	-569.915	480.5	15
666	1	159575383	80.4996	212.098	-476.176	432.276	5
667	1	159736696	1391.63	5936.41	-6534.66	8832.49	4
668	1	159927169	208.57	28.7202	-309.273	283.109	8
669	1	160273908	-53.4288	732.821	-2472.8	2476.16	17
670	1	160273908	-921.288	-134.952	-2489.89	2554.74	0
671	1	160471302	648.899	2762.08	-1642.51	3174.46	641
672	1	160548087	15.2064	65.33	-151.072	90.5195	5
673	1	160713956	126.396	-411.818	-902.457	899.908	11
674	1	160865984	-1310.13	-361.136	-2196.62	2479.52	6
675	1	161138208	56.292	85.1222	-299.567	227.986	106
676	1	161605943	53.7174	106.721	-2248.72	2148.71	16
677	1	162021155	-220.62	-156.327	-790.829	736.77	22
678	1	162346144	-606.121	-207.175	-1146.33	1211.74	15
679	1	162798786	-429.942	-1675.39	-2375.48	2834.72	17
680	1	163312169	-1435.33	-1427.03	-2326.04	2979.5	20
681	1	163649588	-686.895	-1120.12	-1325.27	1763.57	25
682	1	164057925	-765.006	-871.249	-2279.06	2453.56	19
683	1	164344660	-46.4815	-381.079	-478.041	516.49	10
684	1	164739767	272.811	-369.822	-1011.71	1010.55	17
685	1	165188959	-62.1156	-286.449	-731.852	689.755	20
686	1	165620932	177.54	-545.836	-1317.34	1335.18	22
687	1	166130811	265.498	-1470.04	-1763.03	2207.55	16
688	1	166130811	1975.17	-4596.35	-4624.39	6707.85	0
689	1	166130811	1756.06	1280.24	-1402	2482.69	0
690	1	166130811	-1043.71	698.458	-950.459	1472.86	0
691	1	166368356	-117.656	937.459	-769.095	1117.18	10
692	1	166386947	1071.51	1759.83	-4176.25	4552.38	1
693	1	166386947	377.676	-1463.6	-1978.27	2386.22	0
694	1	166710032	2318.19	-486.27	-1634.52	2774.15	29
695	1	166710032	595.902	-77.0095	-741.603	854.638	0
696	1	166954983	742.341	1854.49	-2011.48	2731.14	16
697	1	167505948	-324.604	1480.61	-5063.17	5180.59	28
698	1	167505948	-56.8755	133.342	-651.166	569.765	0
699	1	167520044	-560.105	-534.29	-685.555	933.733	1
700	1	167520044	3122.55	1477.27	-6212.79	7003.67	0
701	1	168004810	-1307.04	-878.214	-1939.09	2394.51	14
702	1	168004810	-826.042	-1107.77	-1362.15	1837.57	0
703	1	168211126	-1489.38	450.126	-973.984	1733	8
704	1	168389546	-1105.3	1226.26	-3386.74	3663.5	10
705	1	168389546	664.771	596.701	-1450.54	1601.15	0
706	1	168574949	-1834.11	-3642.25	-3193.67	5075.14	8
707	1	168968494	222.169	-459.339	-1092.03	1104.32	18
708	1	168968494	925.852	-512.361	-1616.78	1829.51	0
709	1	169000665	381.351	1162.25	-1188.13	1602.87	1
710	1	169429192	-467.862	-52.2453	-733.435	772.246	21
711	1	169535158	-952.026	63.7539	-1269.17	1485.69	5
712	1	169731159	73.6355	-13.4916	-220.126	149.73	8
713	1	169916733	326.715	-468.079	-867.996	938.574	9
714	1	169942581	46.539	2408.65	-7086.48	7379.87	0
715	1	169942581	-123.149	-31.264	-152.504	119.207	0
716	1	170443828	1190.64	523.371	-1285.16	1725.83	20
717	1	170612227	713.768	397.146	-781.483	1029.71	5
718	1	170612227	-88.6833	234.303	-540.577	499.445	0
719	1	171243444	566.801	-1204.77	-1707.2	2061.93	25
720	1	171243444	480.908	-635.942	-833.866	1052.87	0
721	1	171541874	-501.157	397.62	-726.483	868.098	16
722	1	171541874	-1381.94	4147.41	-3719.08	5634.85	0
723	1	171541874	684.448	148.599	-505.236	764.387	0
724	1	171701369	-3600.64	1277.69	-2905.43	4695.36	6
725	1	171701369	-30.253	53.5294	-541.826	449.787	0
726	1	171794316	1782.11	1288.41	-1873.43	2785.16	8
727	1	172265689	-2264.22	1620.04	-7146.59	7564.81	33
728	1	172676880	-233.37	-26.365	-736.294	674.373	19
729	1	173115198	-2381.5	2131.71	-6750.45	7363.98	15
730	1	173508533	-452.86	378.83	-1209.33	1244.24	15
731	1	173535958	-326.42	263.879	-1054.49	1034.21	1
732	1	173813923	570.438	-341.697	-911.463	1027.52	10
733	1	174135214	-21.5205	-191.026	-1002.45	920.511	10
734	1	174438440	-479.518	343.816	-1284.62	1311.93	14
735	1	174636181	23.2759	25.7391	-227.512	147.58	6
736	1	174757106	-734.201	-1098.82	-3596.33	3727.25	5
737	1	175219051	35.3893	476.587	-800.077	832.252	24
738	1	175219051	-58.2423	1060.33	-2055.61	2210.46	0
739	1	176340387	2416.61	3828	-2882.82	5262.34	49
740	1	176474749	324.53	383.305	-460.243	583.711	5
741	1	176642192	-31.9955	-9.27301	-260.592	177.505	4
742	1	177090827	595.551	-1184.59	-2073.37	2357.67	12
743	1	177202764	529.347	-1018.51	-1368.19	1683.39	2
744	1	177473947	-2003.99	-314.353	-3909.86	4300.36	9
745	1	177601254	-3365.08	-2332.25	-3619.2	5359.96	10
746	1	177823248	-50.1612	79.6104	-276.862	205.26	11
747	1	177823248	-27.7881	8.17204	-383.212	292.907	0
748	1	178138149	-2673.45	533.957	-2722.44	3748.6	19
749	1	178387019	-105.164	2.78416	-286.882	217.656	14
750	1	178784519	-414.022	207.373	-968.212	972.774	17
751	1	179053070	-462.652	621.398	-2094.89	2130.39	13
752	1	179246735	-373.52	171.123	-396.172	474.787	9
753	1	179246735	-362.651	-256.018	-1562.1	1521.73	0
754	1	179395799	-839.337	229.514	-855.239	1118.99	7
755	1	179413640	274.629	160.523	-1602.15	1531.18	0
756	1	179413640	-452.055	98.2115	-556.873	625.964	0
757	1	179613834	1804.77	-8.94212	-2000.95	2591.05	10
758	1	179977053	152.25	384.718	-938.732	925.637	17
759	1	180239652	-286.435	269.348	-1014.37	987.367	9
760	1	180605937	223.83	127.76	-826.948	766.941	11
761	1	180723036	660.161	-787.712	-2517.43	2615.54	6
762	1	180784268	-1003.61	370.574	-2067.89	2224.98	3
763	1	181178149	310.909	-223.976	-651.12	657.199	18
764	1	181460316	1771.75	-1831.06	-4789.34	5320.28	16
765	1	181846289	265.748	176.981	-1485.15	1417.1	18
766	1	182257600	172.145	373.179	-961.225	945.063	22
767	1	182638522	31.662	103.453	-521.146	436.985	13
768	1	183046220	380.994	513.533	-2843.55	2810.81	25
769	1	183433043	93.9331	136.795	-1105.02	1016.74	13
770	1	183587121	7.28953	-40.6747	-182.565	109.287	6
771	1	184019648	231.444	-139.912	-1487.31	1409.73	22
772	1	184442221	100.311	-1612.61	-4438.55	4619.01	19
773	1	184821003	35.133	-258.415	-1086.82	1017	13
774	1	184909257	963.593	-40.4654	-2300.42	2390.99	3
775	1	184909257	-851.19	929.398	-1816.18	2107.48	0
776	1	185203694	405.294	-790.914	-1105.01	1316.32	20
777	1	185608043	154.694	-1007.17	-3265.11	3316.39	7
778	1	186234395	-451.325	-2819.49	-3080.96	4096.33	24
779	1	186496490	46.4839	-1978.42	-2298.44	2929.19	8
780	1	186533812	-713.049	-387.058	-1641.96	1728.86	2
781	1	186657127	-588.19	1800.04	-2354.13	2917.45	5
782	1	187088111	-287.267	-422.553	-1513.36	1495.12	23
783	1	187584496	-746.079	-3843.02	-9783.5	10432.5	16
784	1	188056405	-341.243	-941.484	-1525.82	1722.49	21
785	1	188056405	44.1014	-172.526	-192.82	177.279	0
786	1	188452944	1403.72	899.627	-932.836	1807.74	31
787	1	188494612	703.562	315.452	-528.733	835.209	3
788	1	188942342	36.3889	-442.312	-857.466	865.617	26
789	1	189042666	525.843	-363.927	-2226.5	2213.27	4
790	1	189359200	-592.97	362.568	-1090.37	1191.7	7
791	1	189732932	-904.313	-126.041	-4112.1	4107.92	21
792	1	190122678	-1012.06	152.545	-6493.83	6469.18	23
793	1	190507201	-392.616	-224.978	-2861.53	2793.36	23
794	1	190507201	-1847.35	-396.84	-10386.2	10451.5	0
795	1	190589930	3367.24	-3683.5	-3517.68	6001.04	2
796	1	190589930	309.129	448.051	-1517.57	1510.04	0
797	1	190769968	-452.976	-561.966	-751.198	941.46	9
798	1	191035661	176.141	-152.504	-1469.03	1385.48	16
799	1	191251163	-243.411	-637.168	-941.993	1062.14	9
800	1	191251163	18.4837	5.40572	-210.674	130.812	0
801	1	191433256	41.184	1299.23	-820.349	1435.07	7
802	1	191824678	238.716	530.247	-1606.32	1605.94	10
803	1	192163629	-117.101	757.399	-1707.22	1768.68	14
804	1	192537801	288.419	215.197	-2647.86	2568.63	20
805	1	192973625	317.748	127.054	-3340.81	3254.29	15
806	1	192973625	119.595	185.472	-624.826	565.367	0
807	1	193151149	1006.04	-63.7776	-721.536	1138.51	7
808	1	193541051	485.71	162.385	-2766.06	2709.4	7
809	1	193953492	909.399	-32.4722	-3551.7	3562.28	15
810	1	194241468	306.6	229.969	-3212.89	3131.74	11
811	1	194241468	0.591644	-196.996	-348.181	308.107	0
812	1	194658182	1821.61	-763.752	-1155.11	2184.98	25
813	1	194772225	859.57	-419.973	-611.772	1034.81	3
814	1	194912385	28.0904	37.6442	-245.898	166.069	2
815	1	195307268	-904.708	692.59	-2320.66	2481.77	22
816	1	195603850	-1221.84	1236.16	-3360.43	3679.13	9
817	1	195985143	66.0196	94.5111	-604.653	518.89	16
818	1	196414874	2115.7	-773.903	-5056.85	5431.31	17
819	1	196439181	143.867	9.95673	-230.247	185.845	1
820	1	197135858	-2163.59	-2991.21	-5249.93	6313.17	29
821	1	197574643	-213.481	-485.294	-705.125	782.852	15
822	1	197873518	-584.073	-1459.72	-2083.87	2506.93	18
823	1	197873518	-2713.01	-1446.7	-2918.01	4134.54	0
824	1	198295189	-2483.85	2078.98	-2557.58	4022.79	16
825	1	198295189	-1797.32	2281.56	-1364.19	3104.96	0
826	1	198542855	539.999	-90.2517	-419.294	591.992	36
827	1	198550267	552.76	-47.8069	-1254.82	1270.41	0
828	1	198816467	48.7119	-275.325	-306.332	322.337	12
829	1	198905912	-236.981	-403.175	-694.727	738.451	6
830	1	198905912	165.935	130.245	-429.748	384.592	0
831	1	198934512	138.641	-43.1675	-53.2912	81.6608	1
832	1	199349652	437.383	-463.485	-1456.57	1487.73	19
833	1	199763628	685.596	-286.316	-1357.6	1445.55	16
834	1	199979761	4302.24	-2687.56	-8718.67	9981.89	10
835	1	200509615	446.804	269.67	-668.469	748.959	30
836	1	200719245	678.389	631.935	-854.616	1159.68	8
837	1	200719245	-95.4501	530.87	-1119.07	1141.1	0
838	1	200719245	-66.3087	-71.0326	-103.631	71.3885	0
839	1	201110407	90.3783	577.229	-777.928	872.962	22
840	1	201110899	50.1075	587.24	-1076.95	1126.55	0
841	1	201110899	-2183.03	1948.22	-2920.07	4029.45	0
842	1	201512121	346.559	-374.302	-776.228	829.167	18
843	1	201560241	1813.37	-1553.99	-2101.45	3077.18	2
844	1	201775214	-106.715	-81.8976	-209.782	165.022	4
845	1	202075686	-124.966	-131.561	-634.427	562.613	7
846	1	202316072	-186.661	107.88	-350.332	319.05	13
847	1	202719325	142.967	203.469	-1703.78	1619.41	14
848	1	203082606	-26.1804	249.515	-908.465	842.717	12
849	1	203082606	242.516	408.735	-1188.68	1178.87	0
850	1	203336873	-3564.39	2038.56	-2497.84	4701.73	14
851	1	203613354	-322.299	36.0478	-635.792	615.848	5
852	1	204073536	-623.404	-1282.48	-3636.23	3801.61	21
853	1	204423223	2.43459	-101.904	-447.878	365.668	17
854	1	204762267	-121.154	-278.945	-508.388	496.098	12
855	1	205081971	-84.6224	-66.2643	-344.556	270.42	14
856	1	205632929	-296.924	-1718.94	-4924.56	5119.8	19
857	1	205632929	-251.249	-261.461	-1462.57	1404.89	0
858	1	205840700	1015.03	-550.759	-590.749	1195.79	7
859	1	206181179	657.073	-1132.19	-2223.89	2477.06	13
860	1	206571002	172.597	-32.7302	-512.666	446.475	11
861	1	206854971	252.925	-192.329	-486.824	485.208	14
862	1	207154454	30.3761	-585.515	-1938.38	1922.21	14
863	1	207330915	-36.6951	58.0538	-304.186	223.598	4
864	1	207651301	52.9715	-431.729	-926.469	923.276	14
865	1	207687614	-37.9621	-12.872	-384.576	295.178	2
866	1	207687614	-1218.38	559.969	-1505.66	1913.3	0
867	1	208051545	966.942	645.108	-512.674	1169.15	18
868	1	208057229	289.132	238.199	-218.082	340.503	1
869	1	208424725	-338.452	488.373	-748.887	856.139	24
870	1	208844216	-1435.27	645.737	-2084.89	2508.71	16
871	1	209145940	-1394.06	79.259	-1818.36	2189.4	14
872	1	209557013	-1679.91	-952.596	-4862.89	5127.73	17
873	1	209989251	-2257.87	-2031.7	-5383.13	6076.17	19
874	1	209989251	-1041.89	-695.172	-2066.98	2313.51	0
875	1	209989251	791.99	-577.671	-1172.21	1426.07	0
876	1	209989251	395.749	-3626.02	-2892.82	4550.97	0
877	1	210096968	-987.705	-122.446	-985.153	1298.71	6
878	1	210484872	170.389	-41.6439	-698.205	621.955	12
879	1	210726260	210.714	-376.245	-945.94	939.295	12
880	1	210775013	-202.149	-277.018	-435.762	458.838	2
881	1	211170319	330.629	-83.0681	-505.591	513.213	13
882	1	211170319	630.805	-496.971	-1054.92	1224.35	0
883	1	211564032	-436.389	-2338.52	-1376.82	2644.96	17
884	1	211564032	-471.411	-1601.76	-923.027	1805.1	0
885	1	211860395	-1042.79	1907.58	-1978.2	2835.55	21
886	1	212332002	-520.572	1494.22	-2798.04	3110.53	22
887	1	212762245	-740.566	1155.57	-2558.02	2799.24	21
888	1	213201954	-29.4128	201.639	-530.757	472.607	21
889	1	213595408	-735.225	2255.87	-3933.35	4489.11	13
890	1	213826078	-194.622	291.656	-998.491	957.869	9
891	1	214227824	-552.924	-311.105	-985.912	1071.5	25
892	1	214662699	-554.325	-49.1794	-1346.96	1355.56	14
893	1	214999592	-105.909	-78.0525	-349.343	282.302	16
894	1	214999592	-19.2381	-105.189	-250.854	186.791	0
895	1	215212356	-49.5511	308.076	-393.783	407.757	8
896	1	215212356	-38.9784	18.9828	-271.887	189.242	0
897	1	215361942	-232.306	144.035	-154.12	225.444	5
898	1	215770312	-426.484	657.936	-1819.8	1878.68	16
899	1	215921653	-97.1939	697.374	-1053.96	1166.26	3
900	1	216024298	-42.6871	-230.989	-727.324	665.926	5
901	1	216110668	-458.772	572.615	-1132.74	1248.09	6
902	1	216286329	863.675	-1147.32	-2987.46	3210.72	7
903	1	216676162	-82.9505	169.413	-561.25	495.796	16
904	1	216814038	-494.28	572.532	-999.336	1152.09	3
905	1	216899069	-178.357	-146.501	-368.223	341.584	4
906	1	216922192	67.1777	34.2381	-169.846	108.109	1
907	1	217215143	-2381.84	825.194	-3475.23	4188.81	82
908	1	217550668	-58.6665	29.2758	-442.586	354.065	12
909	1	217796869	-129.206	219.555	-788.364	729.555	10
910	1	218194869	171.342	-136.608	-585.005	527.915	6
911	1	218194869	1309.19	-322.062	-1721.63	2083.61	0
912	1	218248600	9.44504	565.654	-559.723	697.154	1
913	1	218248600	-144.358	-377.833	-965.716	946.658	0
914	1	218248600	608.077	-42.722	-692.985	823.306	0
915	1	218523487	-254.227	-455.08	-476.757	608.618	11
916	1	219013138	212.436	-2407.51	-3308.46	3992.92	17
917	1	219377154	414.355	-4485.56	-4933.39	6575.77	20
918	1	219879657	-227.289	-1319.23	-2297.98	2555.9	23
919	1	219973822	182.371	-2909.01	-3377.52	4356.9	3
920	1	220538907	311.764	1265.68	-3479.23	3611.24	19
921	1	220930286	-549.568	2168.56	-5659.56	5980.92	26
922	1	221317426	100.673	2.03718	-739.245	647.858	24
923	1	221729644	38.5012	-195.695	-728.374	656.885	22
924	1	221814712	365.007	-2185.63	-3494.94	4033.9	5
925	1	222240499	-995.406	901.133	-2539.54	2768.94	21
926	1	222531125	-840.292	1087.61	-2500.81	2749.9	10
927	1	222932890	-54.4009	-174.457	-1270.31	1182.07	58
928	1	222932890	-12.9568	-45.5678	-665.719	570.056	0
929	1	222932890	-384.504	0.555531	-379.368	444.73	0
930	1	223078639	-51.9743	695.764	-662.157	862.022	7
931	1	223398506	-875.889	-210.895	-3597.21	3604.16	16
932	1	223398506	992.272	251.879	-2746.23	2827.09	0
933	1	223398506	660.932	-897.607	-714.086	1222.35	0
934	1	223622125	-209.389	19.6953	-251.671	238.919	9
935	1	223939886	-492.932	695.095	-1313.71	1463.78	11
936	1	224561743	195.691	1614.04	-3924.22	4143.35	15
937	1	224561743	177.035	216.015	-656.906	615.933	0
938	1	224764483	-118.215	-2752.62	-1670.22	3117.96	11
939	1	224985543	48.3255	-80.0028	-227.117	161.702	10
940	1	224985543	-98.3736	-15.8996	-417.216	336.115	0
941	1	224985543	142.564	1051.26	-562.425	1099.73	0
942	1	224985543	18.592	-833.642	-863.179	1099.14	0
943	1	224985543	-1939.21	-3258.26	-2428.61	4398.35	0
944	1	225270752	565.573	-258.943	-699.18	836.117	12
945	1	225690771	1472.64	-351.941	-4645.17	4781.19	15
946	1	226029813	71.9711	-58.3509	-441.662	357.822	10
947	1	226293896	405.552	-415.149	-971.354	1030.79	9
948	1	226345794	3.6408	-1.66421	-178.656	101.942	2
949	1	226345794	65.89	-5.87062	-507.934	417.349	0
950	1	226673439	560.163	-3867.16	-2376.76	4469.15	18
951	1	226916835	-19.5866	-913.972	-4170.02	4164.7	7
952	1	227338203	1152.11	571.507	-2396.55	2616.22	18
953	1	227483045	639.619	203.394	-1063.33	1156.21	6
954	1	227885418	-321.121	330.764	-1104.63	1095.96	18
955	1	228405182	-1060.79	1513.16	-3103.23	3507.67	22
956	1	228787278	-766.775	688.103	-2963.77	3033.85	21
957	1	229255450	131.847	-382.754	-2162.52	2096.96	18
958	1	229448236	-571.804	-854.943	-2590.76	2683.8	15
959	1	229985672	-490.943	2237.43	-5032.56	5424.71	29
960	1	230398865	-283.541	923.67	-1781.71	1923.93	15
961	1	230885822	215.832	820.331	-1131.4	1312.35	33
962	1	231333422	1050.93	2968.01	-7567	8090.94	20
963	1	231370448	240.528	213.048	-584.973	570.064	0
964	1	231370448	991.118	-583.164	-1269.42	1610.44	0
965	1	231782372	-487.815	517.16	-972.911	1103.94	15
966	1	232304082	-1266.3	421.644	-2188.13	2459.57	23
967	1	232507427	-1110.62	306.469	-1639.76	1901.17	13
968	1	232507427	291.499	486.733	-2689.18	2644.75	0
969	1	232826317	-209.647	-622.865	-504.684	729.676	23
970	1	233450111	-134.887	-958.809	-1355.97	1563.87	28
971	1	233576540	-1183.35	-3233.59	-3759.26	4993.32	5
972	1	233853599	-65.9961	60.6856	-251.562	181.545	12
973	1	234218191	11.5567	149.178	-481.201	409.226	14
974	1	234635252	278.301	2635.8	-5397.45	5908.37	18
975	1	234635252	-134.758	594.638	-1470.24	1489.5	0
976	1	234984422	-913.295	1168.26	-1123.52	1757.78	13
977	1	235068685	-765.576	457.537	-1112.25	1323.93	9
978	1	235328756	178.561	-1033.71	-2209.35	2342.37	12
979	1	235531817	71.3173	37.7792	-214.992	147.124	10
980	1	235852411	472.505	-263.394	-965.916	1006.45	22
981	1	235852411	44.0914	23.1121	-498.103	405.956	0
982	1	235852411	-347.676	-1355.64	-1260.28	1780.64	0
983	1	236127070	816.957	2954.23	-2969.65	4163.4	544
984	1	236544706	235.236	775.654	-2803.91	2814.97	15
985	1	236829832	0.449511	589.876	-1794.54	1786.3	10
986	1	236972895	10.7061	-63.5765	-280.733	201.15	5
987	1	237410410	308.582	-2.35967	-449.841	449.994	11
988	1	237979581	1014.21	301.886	-1598.05	1813.9	25
989	1	238536620	2223.99	514.496	-3631.15	4184.71	25
990	1	239027003	1729.07	446.249	-2667.63	3106.23	19
991	1	239278959	2394.72	1130.49	-3764.36	4498.06	15
992	1	239558403	-109.175	54.8722	-911.849	820.389	12
993	1	239777115	93.1157	-115.11	-318.048	260.728	8
994	1	240242967	610.616	106.182	-751.114	873.864	18
995	1	240675618	1005.18	269.173	-1302.14	1564.54	10
996	1	241125658	465.192	-41.7356	-586.171	651.247	19
997	1	241125658	179.473	-80.2706	-208.937	200.074	0
998	1	241125658	-21.9401	1367.5	-1473.55	1907.56	0
999	1	241313036	-37.1064	-282.862	-241.354	282.676	4
